{"mean": -41.519805908203125, "std": 19.34973907470703}